country,density_per_km2,agricultural_land_percent,land_area_km2,armed_forces_size,birth_rate,calling_code,capital_major_city,co2_emissions,cpi,cpi_change_percent,fertility_rate,forested_area_percent,gross_primary_education_enrollment_percent,gross_tertiary_education_enrollment_percent,infant_mortality,largest_city,life_expectancy,maternal_mortality_ratio,official_language,out_of_pocket_health_expenditure,physicians_per_thousand,population,labor_force_participation_percent,tax_revenue_percent,total_tax_rate,unemployment_rate,urban_population,latitude,longitude
Afghanistan,60,58.1,652230,323000.0,32.49,93,Kabul,8672,149.9,2.3,4.47,2.1,104.0,9.7,47.9,Kabul,64.5,638.0,Pashto,78.4,0.28,38041754,48.9,9.3,71.4,11.12,9797273,33.93911,67.709953
Albania,105,43.1,28748,9000.0,11.78,355,Tirana,4536,119.05,1.4,1.62,28.1,107.0,55.0,7.8,Tirana,78.5,15.0,Albanian,56.9,1.2,2854191,55.7,18.6,36.6,12.33,1747593,41.153332,20.168331
Algeria,18,17.4,2381741,317000.0,24.28,213,Algiers,150006,151.36,2.0,3.02,0.8,109.9,51.4,20.1,Algiers,76.7,112.0,Arabic,28.1,1.72,43053054,41.2,37.2,66.1,11.7,31510100,28.033886,1.659626
Angola,26,47.5,1246700,117000.0,40.73,244,Luanda,34693,261.73,17.1,5.52,46.3,113.5,9.3,51.6,Luanda,60.8,241.0,Portuguese,33.4,0.21,31825295,77.5,9.2,49.1,6.89,21061025,-11.202692,17.873887
Antigua and Barbuda,223,20.5,443,0.0,15.33,1,"St. John's, Saint John",557,113.81,1.2,1.99,22.3,105.0,24.8,5.0,"St. John's, Saint John",76.9,42.0,English,24.3,2.76,97118,62.6,16.5,43.0,5.36,23800,17.060816,-61.796428
Argentina,17,54.3,2780400,105000.0,17.02,54,Buenos Aires,201348,232.75,53.5,2.26,9.8,109.7,90.0,8.8,Buenos Aires,76.5,39.0,Spanish,17.6,3.96,44938712,61.3,10.1,106.3,9.79,41339571,-38.416097,-63.616672
Armenia,104,58.9,29743,49000.0,13.99,374,Yerevan,5156,129.18,1.4,1.76,11.7,92.7,54.6,11.0,Yerevan,74.9,26.0,Armenian,81.6,4.4,2957731,55.6,20.9,22.6,16.99,1869848,40.069099,45.038189
Australia,3,48.2,7741220,58000.0,12.6,61,Canberra,375908,119.8,1.6,1.74,16.3,100.3,113.1,3.1,Sydney,82.7,6.0,English,19.6,3.68,25766605,65.5,23.0,47.4,5.27,21844756,-25.274398,133.775136
Austria,109,32.4,83871,21000.0,9.7,43,Vienna,61448,118.06,1.5,1.47,46.9,103.1,85.1,2.9,Vienna,81.6,5.0,German,17.9,5.17,8877067,60.7,25.4,51.4,4.67,5194416,47.516231,14.550072
Azerbaijan,123,57.7,86600,82000.0,14.0,994,Baku,37620,156.32,2.6,1.73,14.1,99.7,27.7,19.2,Baku,72.9,26.0,Azerbaijani language,78.6,3.45,10023318,66.5,13.0,40.7,5.51,5616165,40.143105,47.576927
The Bahamas,39,1.4,13880,1000.0,13.97,1,"Nassau, Bahamas",1786,116.22,2.5,1.75,51.4,81.4,15.1,8.3,"Nassau, Bahamas",73.8,70.0,English,27.8,1.94,389482,74.6,14.8,33.8,10.36,323784,25.03428,-77.39628
Bahrain,2239,11.1,765,19000.0,13.99,973,Manama,31694,117.59,2.1,1.99,0.8,99.4,50.5,6.1,Riffa,77.2,14.0,Arabic,25.1,0.93,1501635,73.4,4.2,13.8,0.71,1467109,26.0667,50.5577
Bangladesh,1265,70.6,148460,221000.0,18.18,880,Dhaka,84246,179.68,5.6,2.04,11.0,116.5,20.6,25.1,Dhaka,72.3,173.0,Bengali,71.8,0.58,167310838,59.0,8.8,33.4,4.19,60987417,23.684994,90.356331
Barbados,668,23.3,430,1000.0,10.65,1,Bridgetown,1276,134.09,4.1,1.62,14.7,99.4,65.4,11.3,Bridgetown,79.1,27.0,English,45.2,2.48,287025,65.2,27.5,35.6,10.33,89431,13.193887,-59.543198
Belarus,47,42.0,207600,155000.0,9.9,375,Minsk,58280,125.34,5.6,1.45,42.6,100.5,87.4,2.6,Minsk,74.2,2.0,Russian,34.5,5.19,9466856,64.1,14.7,53.3,4.59,7482982,53.709807,27.953389
Belgium,383,44.6,30528,32000.0,10.3,32,City of Brussels,96889,117.11,1.4,1.62,22.6,103.9,79.7,2.9,Brussels,81.6,5.0,French,17.6,3.07,11484055,53.6,24.0,55.4,5.59,11259082,50.503887,4.469936
Belize,17,7.0,22966,2000.0,20.79,501,Belmopan,568,105.68,-0.9,2.31,59.7,111.7,24.7,11.2,Belize City,74.5,36.0,English,22.7,1.12,390353,65.1,26.3,31.1,6.41,179039,17.189877,-88.49765
Benin,108,33.3,112622,12000.0,36.22,229,Porto-Novo,6476,110.71,-0.9,4.84,37.8,122.0,12.3,60.5,Cotonou,61.5,397.0,French,40.5,0.08,11801151,70.9,10.8,48.9,2.23,5648149,9.30769,2.315834
Bhutan,20,13.6,38394,6000.0,17.26,975,Thimphu,1261,167.18,2.7,1.98,72.5,100.1,15.6,24.8,Thimphu,71.5,183.0,Dzongkha,19.8,0.42,727145,66.7,16.0,35.3,2.34,317538,27.514162,90.433601
Bolivia,11,34.8,1098581,71000.0,21.75,591,Sucre,21606,148.32,1.8,2.73,50.3,98.2,30.299999999999997,21.8,Santa Cruz de la Sierra,71.2,155.0,Spanish,25.9,1.59,11513100,71.8,17.0,83.7,3.5,8033035,-16.290154,-63.588653
Bosnia and Herzegovina,64,43.1,51197,11000.0,8.11,387,Sarajevo,21848,104.9,0.6,1.27,42.7,102.4,23.3,5.0,Tuzla Canton,77.3,10.0,Bosnian,28.6,2.16,3301000,46.4,20.4,23.7,18.42,1605144,43.915886,17.679076
Botswana,4,45.6,581730,9000.0,24.82,267,Gaborone,6340,149.75,2.8,2.87,18.9,103.2,24.9,30.0,Gaborone,69.3,144.0,English,5.3,0.37,2346179,70.8,19.5,25.1,18.19,1616550,-22.328474,24.684866
Brazil,25,33.9,8515770,730000.0,13.92,55,Bras���,462299,167.4,3.7,1.73,58.9,115.4,51.3,12.8,S����,75.7,60.0,Portuguese,28.3,2.15,212559417,63.9,14.2,65.1,12.08,183241641,-14.235004,-51.92528
Brunei,83,2.7,5765,8000.0,14.9,673,Bandar Seri Begawan,7664,99.03,-0.4,1.85,72.1,103.2,31.4,9.8,Bandar Seri Begawan,75.7,31.0,Malay,6.0,1.61,433285,64.7,16.25,8.0,9.12,337711,4.535277,114.727669
Bulgaria,64,46.3,110879,31000.0,8.9,359,Sofia,41708,114.42,3.1,1.56,35.4,89.3,71.0,5.9,Sofia,74.9,10.0,Bulgarian,47.7,4.03,6975761,55.4,20.2,28.3,4.34,5256027,42.733883,25.48583
Burkina Faso,76,44.2,274200,11000.0,37.93,226,Ouagadougou,3418,106.58,-3.2,5.19,19.3,96.1,6.5,49.0,Ouagadougou,61.2,320.0,French,36.1,0.08,20321378,66.4,15.0,41.3,6.26,6092349,12.238333,-1.561593
Burundi,463,79.2,27830,31000.0,39.01,257,Bujumbura,495,182.11,-0.7,5.41,10.9,121.4,6.1,41.0,Bujumbura,61.2,548.0,Kirundi,19.1,0.1,11530580,79.2,13.6,41.2,1.43,1541177,-3.373056,29.918886
Ivory Coast,83,64.8,322463,27000.0,35.74,225,Yamoussoukro,9674,111.61,-0.9,4.65,32.7,99.8,9.3,59.4,Abidjan,57.4,617.0,French,36.0,0.23,25716544,57.0,11.8,50.1,3.32,13176900,7.539989,-5.54708
Cape Verde,138,19.6,4033,1000.0,19.49,238,Praia,543,110.5,1.1,2.27,22.5,104.0,23.6,16.7,Praia,72.8,58.0,Portuguese,23.2,0.77,483628,60.5,20.1,37.5,12.25,364029,16.5388,-23.0418
Cambodia,95,30.9,181035,191000.0,22.46,855,Phnom Penh,9919,127.63,2.5,2.5,52.9,107.4,13.7,24.0,Phnom Penh,69.6,160.0,Khmer language,59.4,0.17,16486542,82.3,17.1,23.1,0.68,3924621,12.565679,104.990963
Cameroon,56,20.6,475440,24000.0,35.39,237,Yaound�,8291,118.65,2.5,4.57,39.3,103.4,12.8,50.6,Douala,58.9,529.0,French,69.7,0.09,25876380,76.1,12.8,57.7,3.38,14741256,7.369722,12.354722
Canada,4,6.9,9984670,72000.0,10.1,1,Ottawa,544894,116.76,1.9,1.5,38.2,100.9,68.9,4.3,Toronto,81.9,10.0,French,14.6,2.61,36991981,65.1,12.8,24.5,5.56,30628482,56.130366,-106.346771
Central African Republic,8,8.2,622984,8000.0,35.35,236,Bangui,297,186.86,37.1,4.72,35.6,102.0,3.0,84.5,Bangui,52.8,829.0,French,39.6,0.06,4745185,72.0,8.6,73.3,3.68,1982064,6.611111,20.939444
Chad,13,39.7,1284000,35000.0,42.17,235,N'Djamena,1016,117.7,-1.0,5.75,3.8,86.8,3.3,71.4,N'Djamena,54.0,1140.0,French,56.4,0.04,15946876,70.7,16.25,63.5,1.89,3712273,15.454166,18.732207
Chile,26,21.2,756096,122000.0,12.43,56,Santiago,85822,131.91,2.6,1.65,24.3,101.4,88.5,6.2,Santiago,80.0,13.0,Spanish,32.2,2.59,18952038,62.6,18.2,34.0,7.09,16610135,-35.675147,-71.542969
China,153,56.2,9596960,2695000.0,10.9,86,Beijing,9893038,125.08,2.9,1.69,22.4,100.2,50.6,7.4,Shanghai,77.0,29.0,Standard Chinese,32.4,1.98,1397715000,68.0,9.4,59.2,4.32,842933962,35.86166,104.195397
Colombia,46,40.3,1138910,481000.0,14.88,57,Bogot�,97814,140.95,3.5,1.81,52.7,114.5,55.3,12.2,Bogot�,77.1,83.0,Spanish,18.3,2.18,50339443,68.8,14.4,71.2,9.71,40827302,4.570868,-74.297333
Comoros,467,71.5,2235,31000.0,31.88,269,"Moroni, Comoros",202,103.62,-4.3,4.21,19.7,99.5,9.0,51.3,"Moroni, Comoros",64.1,273.0,French,74.8,0.27,850886,43.3,16.25,219.6,4.34,248152,-11.6455,43.3333
Republic of the Congo,16,31.1,342000,12000.0,32.86,242,Brazzaville,3282,124.74,2.2,4.43,65.4,106.6,12.7,36.2,Brazzaville,64.3,378.0,French,43.8,0.12,5380508,69.4,9.0,54.3,9.47,3625010,-0.228021,15.827659
Costa Rica,100,34.5,51100,10000.0,13.97,506,San Jos������,8023,128.85,2.1,1.75,54.6,113.3,55.2,7.6,San Jos������,80.1,27.0,Spanish,21.5,2.89,5047561,62.1,13.6,58.3,11.85,4041885,9.748917,-83.753428
Croatia,73,27.6,56594,18000.0,9.0,385,Zagreb,17488,109.82,0.8,1.47,34.4,96.5,67.9,4.0,Zagreb,78.1,8.0,Croatian,15.2,3.0,4067500,51.2,22.0,20.5,6.93,2328318,45.1,15.2
Cuba,106,59.9,110860,76000.0,10.17,53,Havana,28284,125.34,2.3,1.62,31.3,101.9,41.4,3.7,Havana,78.7,36.0,Spanish,31.8,8.42,11333483,53.6,16.25,37.35,1.64,8739135,21.521757,-77.781167
Cyprus,131,12.2,9251,16000.0,10.46,357,Nicosia,6626,102.51,0.3,1.33,18.7,99.3,75.9,1.9,Statos�������,80.8,6.0,Greek,43.9,1.95,1198575,63.1,24.5,22.4,7.27,800708,35.126413,33.429859
Czech Republic,139,45.2,78867,23000.0,10.7,420,Prague,102218,116.48,2.8,1.69,34.6,100.7,64.1,2.7,Prague,79.0,3.0,Czech,14.8,4.12,10669709,60.6,14.9,46.1,1.93,7887156,49.817492,15.472962
Democratic Republic of the Congo,40,11.6,2344858,134000.0,41.18,243,Kinshasa,2021,133.85,2.9,5.92,67.2,108.0,6.6,68.2,Kinshasa,60.4,473.0,French,37.4,0.07,86790567,63.5,10.7,50.7,4.24,39095679,-4.038333,21.758664
Denmark,137,62.0,43094,15000.0,10.6,45,Copenhagen,31786,110.35,0.8,1.73,14.7,101.3,80.6,3.6,Copenhagen,81.0,4.0,Danish,13.7,4.01,5818553,62.2,32.4,23.8,4.91,5119978,56.26392,9.501785
Djibouti,43,73.4,23200,13000.0,21.47,253,Djibouti City,620,120.25,3.3,2.73,0.2,75.3,5.3,49.8,Djibouti City,66.6,248.0,French,20.4,0.22,973560,60.2,16.25,37.9,10.3,758549,11.825138,42.590275
Dominica,96,33.3,751,31000.0,12.0,1,Roseau,180,103.87,1.0,1.9,57.4,114.7,7.2,32.9,Roseau,76.6,53.0,English,28.4,1.08,71808,62.6,22.1,32.6,5.36,50830,15.414999,-61.370976
Dominican Republic,225,48.7,48670,71000.0,19.51,1,Santo Domingo,25258,135.5,1.8,2.35,41.7,105.7,59.9,24.1,Santo Domingo,73.9,95.0,Spanish,43.7,1.56,10738958,64.3,13.0,48.8,5.84,8787475,18.735693,-70.162651
Ecuador,71,22.2,283561,41000.0,19.72,593,Quito,41155,124.14,0.3,2.43,50.2,103.3,44.9,12.2,Quito,76.8,59.0,Spanish,43.7,2.04,17373662,68.0,16.25,34.4,3.97,11116711,-1.831239,-78.183406
Egypt,103,3.8,1001450,836000.0,26.38,20,Cairo,238560,288.57,9.2,3.33,0.1,106.3,35.2,18.1,Cairo,71.8,37.0,Modern Standard Arabic,62.0,0.45,100388073,46.4,12.5,44.4,10.76,42895824,26.820553,30.802498
El Salvador,313,76.4,21041,42000.0,18.25,503,San Salvador,7169,111.23,0.1,2.04,12.6,94.8,29.4,11.8,San Salvador,73.1,46.0,Spanish,27.9,1.57,6453553,59.1,18.1,36.4,4.11,4694702,13.794185,-88.89653
Equatorial Guinea,50,10.1,28051,1000.0,33.24,240,Malabo,5655,124.35,1.2,4.51,55.5,61.8,1.9,62.6,Malabo,58.4,301.0,Spanish,72.0,0.4,1355986,62.0,6.1,79.4,6.43,984812,1.650801,10.267895
Eritrea,35,75.2,117600,202000.0,30.3,291,Asmara,711,125.34,2.3,4.06,14.9,68.4,3.4,31.3,Asmara,65.9,480.0,Tigrinya,52.4,0.06,6333135,78.4,16.25,83.7,5.14,1149670,15.179384,39.782334
Estonia,31,23.1,45228,6000.0,10.9,372,Tallinn,16590,122.14,2.3,1.59,51.3,97.2,69.6,2.1,Tallinn,78.2,9.0,Estonian,22.8,4.48,1331824,63.6,20.9,47.8,5.11,916024,58.595272,25.013607
Ethiopia,115,36.3,1104300,138000.0,32.34,251,Addis Ababa,14870,143.86,15.8,4.25,12.5,101.0,8.1,39.1,Addis Ababa,66.2,401.0,Amharic,37.8,0.08,112078730,79.6,7.5,37.7,2.08,23788710,9.145,40.489673
Fiji,49,23.3,18274,4000.0,21.28,679,Suva,2046,132.3,1.8,2.77,55.9,106.4,16.1,21.6,Suva,67.3,34.0,Fiji Hindi,21.4,0.84,889953,57.6,24.2,32.1,4.1,505048,-17.713371,178.065032
Finland,18,7.5,338145,25000.0,8.6,358,Helsinki,45871,112.33,1.0,1.41,73.1,100.2,88.2,1.4,Helsinki,81.7,3.0,Swedish,19.9,3.81,5520314,59.1,20.8,36.6,6.59,4716888,61.92411,25.748151
France,119,52.4,643801,307000.0,11.3,33,Paris,303276,110.05,1.1,1.88,31.2,102.5,65.6,3.4,Paris,82.5,8.0,French,6.8,3.27,67059887,55.1,24.2,60.7,8.43,54123364,46.227638,2.213749
Gabon,9,20.0,267667,7000.0,31.61,241,Libreville,5321,122.19,2.1,3.97,90.0,139.9,8.3,32.7,Libreville,66.2,252.0,French,25.9,0.68,2172579,52.9,10.2,47.1,20.0,1949694,-0.803689,11.609444
The Gambia,239,59.8,11300,1000.0,38.54,220,Banjul,532,172.73,7.1,5.22,48.4,98.0,2.7,39.0,Serekunda,61.7,597.0,English,20.3,0.1,2347706,59.4,9.4,48.4,9.06,1453958,13.443182,-15.310139
Georgia,57,34.5,69700,26000.0,13.47,995,Tbilisi,10128,133.61,4.9,2.06,40.6,98.6,63.9,8.7,Tbilisi,73.6,25.0,Georgian,57.3,7.12,3720382,68.3,21.7,9.9,14.4,2196476,42.315407,43.356892
Germany,240,47.7,357022,180000.0,9.5,49,Berlin,727973,112.85,1.4,1.56,32.7,104.0,70.2,3.1,Berlin,80.9,7.0,German,12.5,4.25,83132799,60.8,11.5,48.8,3.04,64324835,51.165691,10.451526
Ghana,137,69.0,238533,16000.0,29.41,233,Accra,16670,268.36,7.2,3.87,41.2,104.8,15.7,34.9,Accra,63.8,308.0,English,36.1,0.14,30792608,67.8,12.6,55.4,4.33,17249054,7.946527,-1.023194
Greece,81,47.6,131957,146000.0,8.1,30,Athens,62434,101.87,0.2,1.35,31.7,99.6,136.6,3.6,Macedonia,81.3,3.0,Greek,35.5,5.48,10716322,51.8,26.2,51.9,17.24,8507474,39.074208,21.824312
Grenada,331,23.5,349,31000.0,16.47,1,"St. George's, Grenada",268,107.43,0.8,2.06,50.0,106.9,104.6,13.7,"St. George's, Grenada",72.4,25.0,English,57.0,1.41,112003,62.6,19.4,47.8,5.36,40765,12.1165,-61.679
Guatemala,167,36.0,108889,43000.0,24.56,502,Guatemala City,16777,142.92,3.7,2.87,32.7,101.9,21.8,22.1,Guatemala City,74.1,95.0,Spanish,55.8,0.35,16604026,62.3,10.6,35.2,2.46,8540945,15.783471,-90.230759
Guinea,53,59.0,245857,13000.0,36.36,224,Conakry,2996,262.95,9.5,4.7,25.8,91.5,11.6,64.9,Kankan,61.2,576.0,French,54.5,0.08,12771246,61.5,10.8,69.3,4.3,4661505,9.945587,-9.696645
Guinea-Bissau,70,58.0,36125,4000.0,35.13,245,Bissau,293,111.65,1.4,4.48,69.8,118.7,2.6,54.0,Bissau,58.0,667.0,Portuguese,37.2,0.13,1920922,72.0,10.3,45.5,2.47,840922,11.803749,-15.180413
Guyana,4,8.6,214969,3000.0,19.97,592,"Georgetown, Guyana",2384,116.19,2.1,2.46,83.9,97.8,11.6,25.1,"Georgetown, Guyana",69.8,169.0,English,40.5,0.8,782766,56.2,16.25,30.6,11.85,208912,4.860416,-58.93018
Haiti,414,66.8,27750,0.0,24.35,509,Port-au-Prince,2978,179.29,12.5,2.94,3.5,113.6,1.1,49.5,Port-au-Prince,63.7,480.0,French,36.3,0.23,11263077,67.2,16.25,42.7,13.78,6328948,18.971187,-72.285215
Honduras,89,28.9,112090,23000.0,21.6,504,Tegucigalpa,9813,150.34,4.4,2.46,40.0,91.5,26.2,15.1,Tegucigalpa,75.1,65.0,Spanish,49.1,0.31,9746117,68.8,17.3,39.1,5.39,5626433,15.199999,-86.241905
Hungary,107,58.4,93028,40000.0,9.6,36,Budapest,45537,121.64,3.3,1.54,22.9,100.8,48.5,3.6,Budapest,75.8,12.0,Hungarian,29.0,3.41,9769949,56.5,23.0,37.9,3.4,6999582,47.162494,19.503304
Iceland,3,18.7,103000,0.0,12.0,354,Reykjav��,2065,129.0,3.0,1.71,0.5,100.4,71.8,1.5,Reykjav��,82.7,4.0,Icelandic,17.0,4.08,361313,75.0,23.3,31.9,2.84,339110,64.963051,-19.020835
India,464,60.4,3287263,3031000.0,17.86,91,New Delhi,2407672,180.44,7.7,2.22,23.8,113.0,28.1,29.9,Kurebhar,69.4,145.0,Hindi,65.1,0.86,1366417754,49.3,11.2,49.7,5.36,471031528,20.593684,78.96288
Indonesia,151,31.5,1904569,676000.0,18.07,62,Jakarta,563325,151.18,3.0,2.31,49.9,106.4,36.3,21.1,Kalimantan,71.5,177.0,Indonesian,48.3,0.43,270203917,67.5,10.2,30.1,4.69,151509724,-0.789275,113.921327
Iran,52,28.2,1648195,563000.0,18.78,98,Tehran,661710,550.93,39.9,2.14,6.6,110.7,68.1,12.4,Tehran,76.5,16.0,Persian,39.7,1.58,82913906,44.7,7.4,44.7,11.38,62509623,32.427908,53.688046
Iraq,93,21.4,438317,209000.0,29.08,964,Baghdad,190061,119.86,0.4,3.67,1.9,108.7,16.2,22.5,Baghdad,70.5,79.0,Arabic,76.5,0.71,39309783,43.0,2.0,30.8,12.82,27783368,33.223191,43.679291
Republic of Ireland,72,64.5,70273,9000.0,12.5,353,Dublin,37711,106.58,0.9,1.75,11.0,100.9,77.8,3.1,Connacht,82.3,5.0,Irish,15.2,3.31,5007069,62.1,18.3,26.1,4.93,3133123,53.41291,-8.24389
Israel,400,24.6,20770,178000.0,20.8,972,Jerusalem,65166,108.15,0.8,3.09,7.7,104.9,63.4,3.0,Jerusalem,82.8,3.0,Hebrew,24.4,4.62,9053300,64.0,23.1,25.3,3.86,8374393,31.046051,34.851612
Italy,206,43.2,301340,347000.0,7.3,39,Rome,320411,110.62,0.6,1.29,31.8,101.9,61.9,2.6,Rome,82.9,2.0,Italian,22.8,3.98,60297396,49.6,24.3,59.1,9.89,42651966,41.87194,12.56738
Jamaica,273,41.0,10991,4000.0,16.1,1876,"Kingston, Jamaica",8225,162.47,3.9,1.98,30.9,91.0,27.1,12.4,"Kingston, Jamaica",74.4,80.0,Jamaican English,23.7,1.31,2948279,66.0,26.8,35.1,8.0,1650594,18.109581,-77.297508
Japan,347,12.3,377944,261000.0,7.4,81,Tokyo,1135886,105.48,0.5,1.42,68.5,98.8,63.2,1.8,Tokyo,84.2,5.0,English,13.1,2.41,126226568,61.7,11.9,46.7,2.29,115782416,36.204824,138.252924
Jordan,115,12.0,89342,116000.0,21.98,962,Amman,25108,125.6,0.8,2.76,1.1,81.5,34.4,13.9,Amman,74.4,46.0,Arabic,25.1,2.32,10101694,39.3,15.1,28.6,14.72,9213048,30.585164,36.238414
Kazakhstan,7,80.4,2724900,71000.0,21.77,7,Astana,247207,182.75,5.2,2.84,1.2,104.4,61.7,8.8,Almaty,73.2,10.0,Russian,38.8,3.25,18513930,68.8,11.7,28.4,4.59,10652915,48.019573,66.923684
Kenya,94,48.5,580367,29000.0,28.75,254,Nairobi,17910,180.51,4.7,3.49,7.8,103.2,11.5,30.6,Nairobi,66.3,342.0,Swahili,33.4,0.16,52573973,74.7,15.1,37.2,2.64,14461523,-0.023559,37.906193
Kiribati,147,42.0,811,31000.0,27.89,686,South Tarawa,66,99.55,0.6,3.57,15.0,101.3,30.299999999999997,41.2,South Tarawa,68.1,92.0,English,0.2,0.2,117606,62.6,22.0,32.7,5.36,64489,1.8368976,-157.3768317
Kuwait,240,8.4,17818,25000.0,13.94,965,Kuwait City,98734,126.6,1.1,2.08,0.4,92.4,54.4,6.7,Kuwait City,75.4,12.0,Modern Standard Arabic,14.4,2.58,4207083,73.5,1.4,13.0,2.18,4207083,29.31166,47.481766
Kyrgyzstan,34,55.0,199951,21000.0,27.1,996,Bishkek,9787,155.68,1.1,3.3,3.3,107.6,41.3,16.9,Bishkek,71.4,60.0,Russian,48.2,1.88,6456900,59.8,18.0,29.0,6.33,2362644,41.20438,74.766098
Laos,32,10.3,236800,129000.0,23.55,856,Vientiane,17763,135.87,3.3,2.67,82.1,102.4,15.0,37.6,Vientiane,67.6,185.0,Lao,45.4,0.37,7169455,78.5,12.9,24.1,0.63,2555552,19.85627,102.495496
Latvia,30,31.1,64589,6000.0,10.0,371,Riga,7004,116.86,2.8,1.6,54.0,99.4,88.1,3.3,Riga,74.7,19.0,Latvian,41.6,3.19,1912789,61.4,22.9,38.1,6.52,1304943,56.879635,24.603189
Lebanon,667,64.3,10400,80000.0,17.55,961,Beirut,24796,130.02,3.0,2.09,13.4,95.1,26.3,6.4,"Tripoli, Lebanon",78.9,29.0,Arabic,32.1,2.1,6855713,47.0,15.3,32.2,6.23,6084994,33.854721,35.862285
Lesotho,71,77.6,30355,2000.0,26.81,266,Maseru,2512,155.86,5.2,3.14,1.6,120.9,10.2,65.7,Maseru,53.7,544.0,English,16.9,0.07,2125268,67.9,31.6,13.6,23.41,607508,-29.609988,28.233608
Liberia,53,28.0,111369,2000.0,33.04,231,Monrovia,1386,223.13,23.6,4.32,43.1,85.1,11.9,53.5,Monrovia,63.7,661.0,English,19.6,0.04,4937374,76.3,12.9,46.2,2.81,2548426,6.428055,-9.429499
Libya,4,8.7,1759540,0.0,18.83,218,Tripoli,50564,125.71,2.6,2.24,0.1,109.0,60.5,10.2,Tripoli,72.7,72.0,Arabic,36.7,2.09,6777452,49.7,16.25,32.6,18.56,5448597,26.3351,17.228331
Lithuania,43,47.2,65300,34000.0,10.0,370,Vilnius,12963,118.38,2.3,1.63,34.8,103.9,72.4,3.3,Vilnius,75.7,8.0,Lithuanian,32.1,6.35,2786844,61.6,16.9,42.6,6.35,1891013,55.169438,23.881275
Luxembourg,242,53.7,2586,2000.0,10.3,352,Luxembourg City,8988,115.09,1.7,1.37,35.7,102.3,19.2,1.9,Luxembourg City,82.1,5.0,Luxembourgish,10.6,3.01,645397,59.3,26.5,20.4,5.36,565488,49.815273,6.129583
Madagascar,48,71.2,587041,22000.0,32.66,261,Antananarivo,3905,184.33,5.6,4.08,21.4,142.5,5.4,38.2,Antananarivo,66.7,335.0,French,21.7,0.18,26969307,86.1,10.2,38.3,1.76,10210849,-18.766947,46.869107
Malawi,203,61.4,118484,15000.0,34.12,265,Lilongwe,1298,418.34,9.4,4.21,33.2,142.5,0.8,35.3,Lilongwe,63.8,349.0,English,11.0,0.04,18628747,76.7,17.3,34.5,5.65,3199301,-13.254308,34.301525
Malaysia,99,26.3,329847,136000.0,16.75,60,Kuala Lumpur,248289,121.46,0.7,2.0,67.6,105.3,45.1,6.7,Johor Bahru,76.0,29.0,Malaysian language,36.7,1.51,32447385,64.3,12.0,38.7,3.32,24475766,4.210484,101.975766
Maldives,1802,26.3,298,5000.0,14.2,960,Mal�,1445,99.7,0.2,1.87,3.3,97.1,31.2,7.4,Mal�,78.6,53.0,Divehi,16.4,4.56,530953,69.8,19.5,30.2,6.14,213645,3.202778,73.22068
Mali,17,33.8,1240192,18000.0,41.54,223,Bamako,3179,108.73,-1.7,5.88,3.8,75.6,4.5,62.0,Bamako,58.9,562.0,French,46.3,0.13,19658031,70.8,11.6,54.5,7.22,8479688,17.570692,-3.996166
Malta,1380,32.4,316,2000.0,9.2,356,Valletta,1342,113.45,1.6,1.23,1.1,105.0,54.3,6.1,Birkirkara,82.3,6.0,Maltese,37.1,2.86,502653,56.5,26.2,44.0,3.47,475902,35.937496,14.375416
Marshall Islands,329,63.9,181,31000.0,29.03,692,Majuro,143,125.34,2.3,4.05,70.2,84.7,23.7,27.4,Majuro,65.2,53.0,Marshallese,10.0,0.42,58791,62.6,17.8,65.9,5.36,45514,7.131474,171.184478
Mauritania,5,38.5,1030700,21000.0,33.69,222,Nouakchott,2739,135.02,2.3,4.56,0.2,99.9,5.0,51.5,Nouakchott,64.7,766.0,Arabic,48.2,0.19,4525696,45.9,16.25,67.0,9.55,2466821,21.00789,-10.940835
Mauritius,626,42.4,2040,3000.0,10.2,230,Port Louis,4349,129.91,0.4,1.41,19.0,101.1,40.6,13.6,Port Louis,74.4,61.0,French,50.7,2.53,1265711,58.3,19.1,22.2,6.67,515980,-20.348404,57.552152
Mexico,66,54.6,1964375,336000.0,17.6,52,Mexico City,486406,141.54,3.6,2.13,33.9,105.8,40.2,11.0,Mexico City,75.0,33.0,English,41.4,2.38,126014024,60.7,13.1,55.1,3.42,102626859,23.634501,-102.552784
Federated States of Micronesia,784,31.4,702,31000.0,22.82,691,Palikir,143,112.1,0.5,3.05,91.9,97.2,14.1,25.6,Palikir,67.8,88.0,English,2.5,0.18,113815,62.6,25.2,60.5,5.36,25963,7.425554,150.550812
Moldova,123,74.2,33851,7000.0,10.1,373,Chi����,5115,166.2,4.8,1.26,12.6,90.6,39.8,13.6,Chi����,71.8,19.0,Romanian,46.2,3.21,2657637,43.1,17.7,38.7,5.47,1135502,47.411631,28.369885
Mongolia,2,71.5,1564116,18000.0,24.13,976,Ulaanbaatar,25368,195.76,7.3,2.9,8.0,104.0,65.6,14.0,Ulaanbaatar,69.7,45.0,Mongolian,39.3,2.86,3225167,59.7,16.8,25.7,6.01,2210626,46.862496,103.846656
Montenegro,47,19.0,13812,12000.0,11.73,382,Podgorica,2017,116.32,2.6,1.75,61.5,100.0,56.1,2.3,Podgorica,76.8,6.0,Montenegrin language,31.8,2.76,622137,54.4,16.25,22.2,14.88,417765,42.708678,19.37439
Morocco,83,68.5,446550,246000.0,18.94,212,Rabat,61276,111.07,0.2,2.42,12.6,113.9,35.9,19.2,Casablanca,76.5,70.0,Arabic,53.1,0.73,36910560,45.3,21.9,45.8,9.02,22975026,31.791702,-7.09262
Mozambique,40,63.5,799380,11000.0,37.52,258,Maputo,7943,182.31,2.8,4.85,48.0,112.6,7.3,54.0,Maputo,60.2,289.0,Portuguese,6.8,0.08,30366036,78.1,0.0,36.1,3.24,11092106,-18.665695,35.529562
Myanmar,83,19.5,676578,513000.0,17.55,95,Naypyidaw,25280,168.18,8.8,2.15,43.6,112.3,18.8,36.8,Yangon,66.9,250.0,Burmese,73.9,0.68,54045420,61.7,5.4,31.2,1.58,16674093,21.916221,95.955974
Namibia,3,47.1,824292,16000.0,28.64,264,Windhoek,4228,157.97,3.7,3.4,8.3,124.2,22.9,29.0,Windhoek,63.4,195.0,English,8.3,0.42,2494530,59.5,27.1,20.7,20.27,1273258,-22.95764,18.49041
Nepal,203,28.7,147181,112000.0,19.89,977,Kathmandu,9105,188.73,5.6,1.92,25.4,142.1,12.4,26.7,Kathmandu,70.5,186.0,Nepali,60.4,0.75,28608710,83.8,20.7,41.8,1.41,5765513,28.394857,84.124008
Netherlands,508,53.3,41543,41000.0,9.7,31,Amsterdam,170780,115.91,2.6,1.59,11.2,104.2,85.0,3.3,Amsterdam,81.8,5.0,Dutch,12.3,3.61,17332850,63.6,23.0,41.2,3.2,15924729,52.132633,5.291266
New Zealand,18,40.5,268838,9000.0,11.98,64,Wellington,34382,114.24,1.6,1.71,38.6,100.0,82.0,4.7,Auckland,81.9,9.0,English,12.6,3.59,4841000,69.9,29.0,34.6,4.07,4258860,-40.900557,174.885971
Nicaragua,55,42.1,130370,12000.0,20.64,505,Managua,5592,162.74,5.4,2.4,25.9,120.6,17.4,15.7,Managua,74.3,98.0,Spanish,36.0,0.98,6545502,66.4,15.6,60.6,6.84,3846137,12.865416,-85.207229
Niger,19,36.1,1267000,10000.0,46.08,227,Niamey,2017,109.32,-2.5,6.91,0.9,74.7,4.4,48.0,Niamey,62.0,509.0,French,52.3,0.04,23310715,72.0,11.8,47.2,0.47,3850231,17.607789,8.081666
Nigeria,226,77.7,923768,215000.0,37.91,234,Abuja,120369,267.51,11.4,5.39,7.2,84.7,10.2,75.7,Lagos,54.3,917.0,English,72.2,0.38,200963599,52.9,1.5,34.8,8.1,102806948,9.081999,8.675277
North Korea,214,21.8,120538,1469000.0,13.89,850,Pyongyang,28284,125.34,2.3,1.9,40.7,112.8,27.0,13.7,Pyongyang,72.1,89.0,Korean,31.8,3.67,25666161,80.4,16.25,37.35,2.74,15947412,40.339852,127.510093
Norway,15,2.7,323802,23000.0,10.4,47,Oslo,41023,120.27,2.2,1.56,33.2,100.3,82.0,2.1,Oslo,82.8,2.0,Norwegian,14.3,2.92,5347896,63.8,23.9,36.2,3.35,4418218,60.472024,8.468946
Oman,16,4.6,309500,47000.0,19.19,968,Muscat,63457,113.53,0.1,2.89,0.0,103.4,38.0,9.8,Seeb,77.6,19.0,Arabic,6.4,2.0,5266535,72.4,2.5,27.4,2.67,4250777,21.4735329,55.975413
Pakistan,287,47.8,796095,936000.0,28.25,92,Islamabad,201150,182.32,10.6,3.51,1.9,94.3,9.0,57.2,Karachi,67.1,140.0,Urdu,66.5,0.98,216565318,52.6,9.2,33.9,4.45,79927762,30.375321,69.345116
Palau,39,10.9,459,31000.0,14.0,680,Ngerulmud,224,118.17,1.3,2.21,87.6,112.6,54.7,16.6,Koror,69.1,53.0,English,21.8,1.18,18233,62.6,21.3,76.6,5.36,14491,7.51498,134.58252
Panama,58,30.4,75420,26000.0,18.98,507,Panama City,10715,122.07,-0.4,2.46,61.9,94.4,47.8,13.1,Panama City,78.3,52.0,Spanish,30.5,1.57,4246439,66.6,16.25,37.2,3.9,2890084,8.537981,-80.782127
Papua New Guinea,20,2.6,462840,4000.0,27.07,675,Port Moresby,7536,155.99,3.6,3.56,74.1,108.5,1.8,38.0,Port Moresby,64.3,145.0,Tok Pisin,5.8,0.07,8776109,47.2,13.6,37.1,2.46,1162834,-6.314993,143.95555
Paraguay,18,55.1,406752,27000.0,20.57,595,Asunci��,7407,143.82,2.8,2.43,37.7,104.4,34.6,17.2,Ciudad del Este,74.1,129.0,Spanish,36.5,1.35,7044636,72.1,10.0,35.0,4.81,4359150,-23.442503,-58.443832
Peru,26,18.5,1285216,158000.0,17.95,51,Lima,57414,129.78,2.1,2.25,57.7,106.9,70.7,11.1,Lima,76.5,88.0,Spanish,30.9,1.27,32510453,77.6,14.3,36.8,3.31,25390339,-9.189967,-75.015152
Philippines,368,41.7,300000,153000.0,20.55,63,Manila,122287,129.61,2.5,2.58,27.8,107.5,35.5,22.5,Manila,71.1,121.0,English,53.5,0.6,108116615,59.6,14.0,43.1,2.15,50975903,12.879721,121.774017
Poland,124,46.9,312685,191000.0,10.2,48,Warsaw,299037,114.11,2.2,1.46,30.9,100.0,67.8,3.8,Warsaw,77.6,2.0,Polish,23.2,2.38,37970874,56.7,17.4,40.8,3.47,22796574,51.919438,19.145136
Portugal,111,39.5,92212,52000.0,8.5,351,Lisbon,48742,110.62,0.3,1.38,34.6,106.2,63.9,3.1,Lisbon,81.3,8.0,Portuguese,27.7,5.12,10269417,58.8,22.8,39.8,6.33,6753579,39.399872,-8.224454
Qatar,248,5.8,11586,22000.0,9.54,974,Doha,103259,115.38,-0.7,1.87,0.0,103.8,17.9,5.8,Doha,80.1,9.0,Arabic,6.2,2.49,2832067,86.8,14.7,11.3,0.09,2809071,25.354826,51.183884
Romania,84,58.8,238391,126000.0,9.6,40,Bucharest,69259,123.78,3.8,1.71,30.1,85.2,49.4,6.1,Bucharest,75.4,19.0,Romanian,21.3,2.98,19356544,54.7,14.6,20.0,3.98,10468793,45.943161,24.96676
Russia,9,13.3,17098240,1454000.0,11.5,7,Moscow,1732027,180.75,4.5,1.57,49.8,102.6,81.9,6.1,Moscow,72.7,17.0,Russian,36.4,4.01,144373535,61.8,11.4,46.2,4.59,107683889,61.52401,105.318756
Rwanda,525,73.4,26338,35000.0,31.7,250,Kigali,1115,151.09,3.4,4.04,19.7,133.0,6.7,27.0,Kigali,68.7,248.0,Swahili,26.0,0.13,12626950,83.7,14.3,33.2,1.03,2186104,-1.940278,29.873888
Saint Kitts and Nevis,205,23.1,261,31000.0,12.6,1,Basseterre,238,104.57,-1.0,2.11,42.3,108.7,86.7,9.8,Basseterre,71.3,53.0,English,56.6,2.52,52823,62.6,18.5,49.7,5.36,16269,17.357822,-62.782998
Saint Lucia,301,17.4,616,31000.0,12.0,1,Castries,414,110.13,1.9,1.44,33.2,102.6,14.1,14.9,Castries,76.1,117.0,English,48.4,0.64,182790,67.1,18.2,34.7,20.71,34280,13.909444,-60.978893
Saint Vincent and the Grenadines,284,25.6,389,31000.0,14.24,1,Kingstown,220,109.67,2.3,1.89,69.2,113.4,23.7,14.8,Calliaqua,72.4,68.0,English,21.4,0.66,100455,65.9,25.4,37.0,18.88,58185,12.984305,-61.287228
Samoa,70,12.4,2831,31000.0,24.38,685,Apia,246,117.56,1.0,3.88,60.4,110.5,7.6,13.6,Apia,73.2,43.0,Samoan,11.5,0.34,202506,43.7,25.5,19.3,8.36,35588,-13.759029,-172.104629
Saudi Arabia,16,80.8,2149690,252000.0,17.8,966,Riyadh,563449,118.4,-1.2,2.32,0.5,99.8,68.0,6.0,Riyadh,75.0,17.0,Arabic,15.0,2.61,34268528,55.9,8.9,15.7,5.93,28807838,23.885942,45.079162
Senegal,87,46.1,196722,19000.0,34.52,221,Dakar,10902,109.25,1.8,4.63,42.8,81.0,12.8,31.8,Pikine,67.7,315.0,French,44.2,0.07,16296364,45.7,16.3,44.8,6.6,7765706,14.497401,-14.452362
Serbia,100,39.3,77474,32000.0,9.2,381,Belgrade,45221,144.0,1.8,1.49,31.1,100.3,67.2,4.8,Belgrade,75.5,12.0,Serbian,40.6,3.11,6944975,54.9,18.6,36.6,12.69,3907243,44.016521,21.005859
Seychelles,214,3.4,455,0.0,17.1,248,"Victoria, Seychelles",605,129.96,1.8,2.41,88.4,100.4,17.1,12.4,"Victoria, Seychelles",72.8,53.0,French,2.5,0.95,97625,62.6,34.1,30.1,5.36,55762,-4.679574,55.491977
Sierra Leone,111,54.7,71740,9000.0,33.41,232,Freetown,1093,234.16,14.8,4.26,43.1,112.8,2.0,78.5,Freetown,54.3,1120.0,English,38.2,0.03,7813215,57.9,8.6,30.7,4.43,3319366,8.460555,-11.779889
Singapore,8358,0.9,716,81000.0,8.8,65,Singapore,37535,114.41,0.6,1.14,23.1,100.6,84.8,2.3,Singapore,83.1,8.0,Malay,36.7,2.29,5703569,70.5,13.1,21.0,4.11,5703569,1.352083,103.819836
Slovakia,114,39.2,49035,16000.0,10.6,421,Bratislava,32424,115.34,2.7,1.52,40.4,98.7,46.6,4.6,Bratislava,77.2,5.0,Slovak,18.4,3.42,5454073,59.5,18.7,49.7,5.56,2930419,48.669026,19.699024
Slovenia,103,30.7,20273,7000.0,9.4,386,Ljubljana,12633,111.05,1.6,1.6,62.0,100.4,78.6,1.7,Ljubljana,81.0,7.0,Slovene language,12.5,3.09,2087946,58.4,18.6,31.0,4.2,1144654,46.151241,14.995463
Solomon Islands,25,3.9,28896,31000.0,32.44,677,Honiara,169,133.06,1.6,4.4,77.9,106.2,30.299999999999997,17.1,Honiara,72.8,104.0,English,3.3,0.19,669823,83.8,29.5,32.0,0.58,162164,-9.64571,160.156194
Somalia,25,70.3,637657,20000.0,41.75,252,Mogadishu,645,125.34,2.3,6.07,10.0,23.4,2.5,76.6,Bosaso,57.1,829.0,Arabic,31.8,0.02,15442905,47.4,0.0,37.35,11.35,7034861,5.152149,46.199616
South Africa,49,79.8,1219090,80000.0,20.51,27,Pretoria,476644,158.93,4.1,2.41,7.6,100.9,22.4,28.5,Johannesburg,63.9,119.0,Afrikaans,7.7,0.91,58558270,56.0,27.5,29.2,28.18,39149717,-30.559482,22.937506
South Korea,527,17.4,99720,634000.0,6.4,82,Seoul,620302,115.16,0.4,0.98,63.4,98.1,94.3,2.7,Seoul,82.6,11.0,Korean,36.8,2.36,51709098,63.0,15.6,33.2,4.15,42106719,35.907757,127.766922
South Sudan,18,39.5,644329,185000.0,35.01,211,Juba,1727,4583.71,187.9,4.7,31.8,73.0,30.299999999999997,63.7,Juba,57.6,1150.0,English,61.3,1.41,11062113,72.4,16.25,31.4,12.24,2201250,6.8769919,31.3069788
Spain,94,52.6,505370,196000.0,7.9,34,Madrid,244002,110.96,0.7,1.26,36.9,102.7,88.9,2.5,Madrid,83.3,4.0,Spanish,24.2,3.87,47076781,57.5,14.2,47.0,13.96,37927409,40.463667,-3.74922
Sri Lanka,341,43.7,65610,317000.0,15.83,94,Colombo,23362,155.53,3.5,2.2,32.9,100.2,19.6,6.4,Colombo,76.8,36.0,Tamil,38.4,1.0,21803000,53.9,11.9,55.2,4.2,4052088,7.873054,80.771797
Sudan,25,28.7,1861484,124000.0,32.18,249,Khartoum,20000,1344.19,51.0,4.41,8.1,76.8,16.9,42.1,Omdurman,65.1,295.0,Arabic,63.2,0.26,42813238,48.4,8.0,45.4,16.53,14957233,12.862807,30.217636
Suriname,4,0.6,163820,2000.0,18.54,597,Paramaribo,1738,294.66,22.0,2.42,98.3,108.8,12.6,16.9,Paramaribo,71.6,120.0,Dutch,10.1,1.21,581372,51.1,19.5,27.9,7.33,384258,3.919305,-56.027783
Sweden,25,7.4,450295,30000.0,11.4,46,Stockholm,43252,110.51,1.8,1.76,68.9,126.6,67.0,2.2,S�����,82.5,4.0,Swedish,15.2,3.98,10285453,64.6,27.9,49.1,6.48,9021165,60.128161,18.643501
Switzerland,219,38.4,41277,21000.0,10.0,41,Bern,34477,99.55,0.4,1.52,31.8,105.2,59.6,3.7,Z���,83.6,5.0,German,28.3,4.3,8574832,68.3,10.1,28.8,4.58,6332428,46.818188,8.227512
Syria,95,75.8,185180,239000.0,23.69,963,Damascus,28830,143.2,36.7,2.81,2.7,81.7,40.1,14.0,Damascus,71.8,31.0,Arabic,53.7,1.22,17070135,44.1,14.2,42.7,8.37,9358019,34.802075,38.996815
Tajikistan,68,34.1,144100,17000.0,30.76,992,Dushanbe,5310,148.57,6.0,3.59,3.0,100.9,31.3,30.4,Dushanbe,70.9,17.0,Persian,63.1,1.7,9321018,42.0,9.8,67.3,11.02,2545477,38.861034,71.276093
Tanzania,67,44.8,947300,28000.0,36.7,255,Dodoma,11973,187.43,3.5,4.89,51.6,94.2,4.0,37.6,Dar es Salaam,65.0,524.0,Swahili,26.1,0.01,58005463,83.4,11.5,43.8,1.98,20011885,-6.369028,34.888822
Thailand,137,43.3,513120,455000.0,10.34,66,Bangkok,283763,113.27,0.7,1.53,32.2,99.8,49.3,7.8,Bangkok,76.9,37.0,Thai,11.8,0.81,69625582,67.3,14.9,29.5,0.75,35294600,15.870032,100.992541
East Timor,89,25.6,14874,2000.0,29.42,670,Dili,495,145.38,2.6,4.02,45.4,115.3,17.8,39.3,Dili,69.3,142.0,Portuguese,10.2,0.72,3500000,67.3,25.0,17.3,4.55,400182,-8.874217,125.727539
Togo,152,70.2,56785,10000.0,33.11,228,Lom�,3000,113.3,0.7,4.32,3.1,123.8,14.5,47.4,Lom�,60.8,396.0,French,51.0,0.08,8082366,77.6,16.9,48.2,2.04,3414638,8.619543,0.824782
Tonga,147,45.8,747,31000.0,24.3,676,Nuku����,128,121.09,7.4,3.56,12.5,116.3,6.4,13.4,Nuku����,70.8,52.0,Tongan Language,10.2,0.52,100209,59.8,22.3,27.5,1.12,24145,-21.178986,-175.198242
Trinidad and Tobago,273,10.5,5128,4000.0,12.94,1,Port of Spain,43868,141.75,1.0,1.73,46.0,106.2,12.0,16.4,Chaguanas,73.4,67.0,English,37.3,4.17,1394973,60.0,19.5,40.5,2.69,741944,10.691803,-61.222503
Tunisia,76,64.8,163610,48000.0,17.56,216,Tunis,29937,155.33,6.7,2.2,6.8,115.4,31.7,14.6,Tunis,76.5,43.0,Arabic,39.8,1.3,11694719,46.1,21.1,60.7,16.02,8099061,33.886917,9.537499
Turkey,110,49.8,783562,512000.0,16.03,90,Ankara,372725,234.44,15.2,2.07,15.4,93.2,23.9,9.1,Istanbul,77.4,17.0,Turkish,16.9,1.85,83429615,52.8,17.9,42.3,13.49,63097818,38.963745,35.243322
Turkmenistan,13,72.0,488100,42000.0,23.83,993,Ashgabat,70630,125.34,2.3,2.79,8.8,88.4,8.0,39.3,Ashgabat,68.1,7.0,Turkmen,71.1,2.22,5942089,64.5,16.25,37.35,3.91,3092738,38.969719,59.556278
Uganda,229,71.9,241038,46000.0,38.14,256,Kampala,5680,173.87,2.9,4.96,9.7,102.7,4.8,33.8,Buganda,63.0,375.0,Swahili,40.5,0.17,44269594,70.3,11.7,33.7,1.84,10784516,1.373333,32.290275
Ukraine,75,71.7,603550,297000.0,8.7,380,Kyiv,202250,281.66,7.9,1.3,16.7,99.0,82.7,7.5,Kyiv,71.6,19.0,Ukrainian,47.8,2.99,44385155,54.2,20.1,45.2,8.88,30835699,48.379433,31.16558
United Arab Emirates,118,5.5,83600,63000.0,10.33,971,Abu Dhabi,206324,114.52,-1.9,1.41,4.6,108.4,36.8,6.5,Dubai,77.8,3.0,Arabic,17.8,2.53,9770529,82.1,0.1,15.9,2.35,8479744,23.424076,53.847818
United Kingdom,281,71.7,243610,148000.0,11.0,44,London,379025,119.62,1.7,1.68,13.1,101.2,60.0,3.6,London,81.3,7.0,English,14.8,2.81,66834405,62.8,25.5,30.6,3.85,55908316,55.378051,-3.435973
United States,36,44.4,9833517,1359000.0,11.6,1,"Washington, D.C.",5006302,117.24,7.5,1.73,33.9,101.8,88.2,5.6,New York City,78.5,19.0,English,11.1,2.61,328239523,62.0,9.6,36.6,14.7,270663028,37.09024,-95.712891
Uruguay,20,82.6,176215,22000.0,13.86,598,Montevideo,6766,202.92,7.9,1.97,10.7,108.5,63.1,6.4,Montevideo,77.8,17.0,Spanish,16.2,5.05,3461734,64.0,20.1,41.8,8.73,3303394,-32.522779,-55.765835
Uzbekistan,79,62.9,447400,68000.0,23.3,998,Tashkent,91811,125.34,2.3,2.42,7.5,104.2,10.1,19.1,Tashkent,71.6,29.0,Uzbek,42.7,2.37,33580650,65.1,14.8,31.6,5.92,16935729,41.377491,64.585262
Vanuatu,25,15.3,12189,31000.0,29.6,678,Port Vila,147,117.13,2.8,3.78,36.1,109.3,4.7,22.3,Port Vila,70.3,72.0,French,8.9,0.17,299882,69.9,17.8,8.5,4.39,76152,-15.376706,166.959158
Venezuela,32,24.5,912050,343000.0,17.88,58,Caracas,164175,2740.27,254.9,2.27,52.7,97.2,79.3,21.4,Caracas,72.1,125.0,Spanish,45.8,1.92,28515829,59.7,16.25,73.3,8.8,25162368,6.42375,-66.58973
Vietnam,314,39.3,331210,522000.0,16.75,84,Hanoi,192668,163.52,2.8,2.05,48.1,110.6,28.5,16.5,Ho Chi Minh City,75.3,43.0,Vietnamese,43.5,0.82,96462106,77.4,19.1,37.6,2.01,35332140,14.058324,108.277199
Yemen,56,44.6,527968,40000.0,30.45,967,Sanaa,10609,157.58,8.1,3.79,1.0,93.6,10.2,42.9,Sanaa,66.1,164.0,Arabic,81.0,0.31,29161922,38.0,16.25,26.6,12.91,10869523,15.552727,48.516388
Zambia,25,32.1,752618,16000.0,36.19,260,Lusaka,5141,212.31,9.2,4.63,65.2,98.7,4.1,40.4,Lusaka,63.5,213.0,English,27.5,1.19,17861030,74.6,16.2,15.6,11.43,7871713,-13.133897,27.849332
Zimbabwe,38,41.9,390757,51000.0,30.68,263,Harare,10983,105.51,0.9,3.62,35.5,109.9,10.0,33.9,Harare,61.2,458.0,Shona,25.8,0.21,14645468,83.1,20.7,31.6,4.95,4717305,-19.015438,29.154857
